{
  "0A9B4653-B11E-4D6A-850E-C6FCB621626C" : {
    "cameraTransform" : [
      0.9807314,
      -1.9820146e-10,
      -0.195361,
      0,
      -0.10051192,
      0.85749435,
      -0.5045798,
      0,
      0.16752096,
      0.51449335,
      0.84097165,
      0,
      0.09084191,
      0.05849296,
      0.13903293,
      1
    ],
    "objectMetadataList" : [
      [
        "0A9B4653-B11E-4D6A-850E-C6FCB621626C",
        "Root",
        "GridMaterial"
      ],
      {
        "isExpanded" : true,
        "isLocked" : false
      },
      [
        "0A9B4653-B11E-4D6A-850E-C6FCB621626C",
        "Root"
      ],
      {
        "isExpanded" : true,
        "isLocked" : false
      },
      [
        "0A9B4653-B11E-4D6A-850E-C6FCB621626C",
        "Root",
        "Sphere"
      ],
      {
        "isExpanded" : true,
        "isLocked" : false
      }
    ]
  },
  "01A389CE-549D-43D4-8082-422095AD9977" : {
    "cameraTransform" : [
      0.99999994,
      0,
      -0,
      0,
      -0,
      0.8660255,
      -0.49999988,
      0,
      0,
      0.49999988,
      0.8660255,
      0,
      0,
      0.27093542,
      0.46927398,
      1
    ],
    "objectMetadataList" : [
      [
        "01A389CE-549D-43D4-8082-422095AD9977",
        "Root",
        "GridMaterial"
      ],
      {
        "isExpanded" : true,
        "isLocked" : false
      },
      [
        "01A389CE-549D-43D4-8082-422095AD9977",
        "Root"
      ],
      {
        "isExpanded" : true,
        "isLocked" : false
      }
    ]
  },
  "1CBF3893-ABFD-408C-8B91-045BFD257808" : {
    "cameraTransform" : [
      0.99999994,
      0,
      -0,
      0,
      -0,
      0.8660255,
      -0.49999988,
      0,
      0,
      0.49999988,
      0.8660255,
      0,
      0,
      0.27093542,
      0.46927398,
      1
    ],
    "objectMetadataList" : [

    ]
  },
  "3C1287F3-47C8-487B-9979-2BCFB9481EB5" : {
    "cameraTransform" : [
      0.99999994,
      0,
      -0,
      0,
      -0,
      0.8660254,
      -0.49999994,
      0,
      0,
      0.49999994,
      0.8660254,
      0,
      4.0475585e-05,
      1.9488368,
      0.8865043,
      1
    ],
    "objectMetadataList" : [
      [
        "3C1287F3-47C8-487B-9979-2BCFB9481EB5",
        "Root"
      ],
      {
        "isExpanded" : true,
        "isLocked" : false
      }
    ]
  },
  "03E02005-EFA6-48D6-8A76-05B2822A74E9" : {
    "cameraTransform" : [
      0.99999994,
      0,
      -0,
      0,
      -0,
      0.8660254,
      -0.49999994,
      0,
      0,
      0.49999994,
      0.8660254,
      0,
      0,
      0.5981957,
      1.0361054,
      1
    ],
    "objectMetadataList" : [

    ]
  },
  "7EF42796-68EE-4330-954D-0853FBBEB57C" : {
    "cameraTransform" : [
      0.99999994,
      0,
      -0,
      0,
      -0,
      0.8660255,
      -0.49999988,
      0,
      0,
      0.49999988,
      0.8660255,
      0,
      0,
      0.27093542,
      0.46927398,
      1
    ],
    "objectMetadataList" : [

    ]
  },
  "26DBAE76-5DD8-47B6-A085-1B4ADA111097" : {
    "cameraTransform" : [
      0.5015187,
      -1.3606094e-09,
      -0.8651467,
      0,
      -0.5429685,
      0.7785337,
      -0.31475458,
      0,
      0.6735459,
      0.62760276,
      0.39044926,
      0,
      1.8072426,
      3.362416,
      -22.137316,
      1
    ],
    "objectMetadataList" : [
      [
        "26DBAE76-5DD8-47B6-A085-1B4ADA111097",
        "Root"
      ],
      {
        "isExpanded" : true,
        "isLocked" : false
      },
      [
        "26DBAE76-5DD8-47B6-A085-1B4ADA111097",
        "Root",
        "Earth",
        "geom",
        "realistic"
      ],
      {
        "isExpanded" : true,
        "isLocked" : false
      },
      [
        "26DBAE76-5DD8-47B6-A085-1B4ADA111097",
        "Root",
        "Earth",
        "geom"
      ],
      {
        "isExpanded" : true,
        "isLocked" : false
      }
    ]
  },
  "34C460AE-CA1B-4348-BD05-621ACBDFFE97" : {
    "cameraTransform" : [
      0.99999994,
      0,
      -0,
      0,
      -0,
      0.8660255,
      -0.49999988,
      0,
      0,
      0.49999988,
      0.8660255,
      0,
      0,
      0.27093542,
      0.46927398,
      1
    ],
    "objectMetadataList" : [

    ]
  },
  "98F00A96-0769-405E-AA07-6F246813F50F" : {
    "cameraTransform" : [
      1,
      0,
      0,
      0,
      0,
      0.8660253,
      -0.5000001,
      0,
      0,
      0.5000001,
      0.8660253,
      0,
      0.0035236822,
      2.363158,
      -0.7380595,
      1
    ],
    "objectMetadataList" : [
      [
        "98F00A96-0769-405E-AA07-6F246813F50F",
        "Root"
      ],
      {
        "isExpanded" : true,
        "isLocked" : false
      }
    ]
  },
  "136F1C18-F0E0-47C7-91FE-8C694C56F9A6" : {
    "cameraTransform" : [
      1,
      0,
      0,
      0,
      0,
      0.7071069,
      -0.70710677,
      0,
      0,
      0.70710677,
      0.7071069,
      0,
      0.20128521,
      3.0395162,
      -0.02065062,
      1
    ],
    "objectMetadataList" : [
      [
        "136F1C18-F0E0-47C7-91FE-8C694C56F9A6",
        "Root"
      ],
      {
        "isExpanded" : true,
        "isLocked" : false
      }
    ]
  },
  "440DE5B4-E4E4-459B-AABF-9ACE96319272" : {
    "cameraTransform" : [
      0.99999994,
      0,
      -0,
      0,
      -0,
      0.8660254,
      -0.49999994,
      0,
      0,
      0.49999994,
      0.8660254,
      0,
      0,
      0.5981957,
      1.0361054,
      1
    ],
    "objectMetadataList" : [
      [
        "440DE5B4-E4E4-459B-AABF-9ACE96319272",
        "Root"
      ],
      {
        "isExpanded" : true,
        "isLocked" : false
      }
    ]
  },
  "051231CD-A17C-4878-BF1B-98A12BC74546" : {
    "cameraTransform" : [
      0.99999994,
      0,
      -0,
      0,
      -0,
      0.86602503,
      -0.5000007,
      0,
      0,
      0.5000007,
      0.86602503,
      0,
      -0.18672618,
      3.4717207,
      1.8552411,
      1
    ],
    "objectMetadataList" : [
      [
        "051231CD-A17C-4878-BF1B-98A12BC74546",
        "Root"
      ],
      {
        "isExpanded" : true,
        "isLocked" : false
      }
    ]
  },
  "71393687-2933-4D8A-AC10-8E59942BADC1" : {
    "cameraTransform" : [
      0.99999994,
      0,
      -0,
      0,
      -0,
      0.8660255,
      -0.49999988,
      0,
      0,
      0.49999988,
      0.8660255,
      0,
      0,
      0.27093542,
      0.46927398,
      1
    ],
    "objectMetadataList" : [
      [
        "71393687-2933-4D8A-AC10-8E59942BADC1",
        "Root"
      ],
      {
        "isExpanded" : true,
        "isLocked" : false
      }
    ]
  },
  "FBD8436F-6B8B-4B82-99B5-995D538B4704" : {
    "cameraTransform" : [
      0.99999994,
      0,
      -0,
      0,
      -0,
      0.8660254,
      -0.49999994,
      0,
      0,
      0.49999994,
      0.8660254,
      0,
      0,
      0.5981957,
      1.0361054,
      1
    ],
    "objectMetadataList" : [
      [
        "FBD8436F-6B8B-4B82-99B5-995D538B4704",
        "Root"
      ],
      {
        "isExpanded" : true,
        "isLocked" : false
      }
    ]
  }
}